{"vel_loss":2.0394015312194824,"perplexity":153.58782958984375,"test_recon_pose_loss":0.03601514920592308,"eval_loss":0.588277280330658,"eval_recon_pose_loss":0.028718527406454086,"_runtime":7642.464751533,"test_perplexity":127.27416229248047,"test_loss":0.6287088394165039,"vq_loss":0.42271688580513,"eval_vq_loss":0.42005079984664917,"test_recon_dir_loss":0.058181971311569214,"recon_dir_loss":0.048911869525909424,"eval_perplexity":143.22499084472656,"loss":0.6005529761314392,"test_vel_loss":1.7258939743041992,"recon_pose_loss":0.026954136788845062,"_wandb":{"runtime":7642},"_step":199,"test_vq_loss":0.4482170045375824,"_timestamp":1.772691392331614e+09,"eval_recon_dir_loss":0.054036445915699005,"eval_vel_loss":1.7094295024871826}