{"eval_loss":0.20923414826393127,"pose_loss":0.1630592942237854,"test_bone_loss":0.2990383505821228,"_wandb":{"runtime":9937},"eval_bone_loss":0.29369714856147766,"eval_pose_loss":0.17986443638801575,"_step":56,"loss":0.18855442106723785,"bone_loss":0.25495120882987976,"_timestamp":1.7720103378824468e+09,"test_loss":0.20330119132995605,"test_pose_loss":0.17339736223220825,"_runtime":9934.326141049}