{"loss":0.14498543739318848,"_wandb":{"runtime":269},"pose_loss":0.12602780759334564,"stop_loss":0.018077559769153595,"bone_loss":0.008800717070698738,"_timestamp":1.7712112782945514e+09,"_runtime":219.287813066,"_step":1}