{"eval_pose_loss":0.052812620997428894,"eval_loss":1.4639427661895752,"eval_vel_loss":1.9520010948181152,"test_pose_loss":0.05969568341970444,"_runtime":124.11151577,"test_vq_loss":0.9999577403068542,"recon_dir_loss":0.4011296033859253,"test_perplexity":3.884824275970459,"recon_pose_loss":0.04877020791172981,"perplexity":3.2182257175445557,"test_dir_loss":0.38258591294288635,"_timestamp":1.7724482315152125e+09,"eval_perplexity":3.6731393337249756,"eval_vq_loss":0.9218082427978516,"loss":1.4098231792449951,"vq_loss":0.8643074631690979,"test_vel_loss":1.9564659595489502,"_step":4,"vel_loss":1.9123181104660034,"_wandb":{"runtime":134},"test_loss":1.540062665939331,"eval_dir_loss":0.3917219340801239}