{"test_loss":0.004009920172393322,"pose_loss":0.034039054065942764,"eval_loss":0.0038739049341529608,"test_pose_loss":0.0037677783984690905,"eval_pose_loss":0.0036503744777292013,"_timestamp":1.772093669955662e+09,"eval_bone_loss":0.0022353040985763073,"loss":0.03843909502029419,"_runtime":125.621856029,"_step":0,"test_bone_loss":0.002421417972072959,"bone_loss":0.04400039091706276,"_wandb":{"runtime":207}}