{"loss":0.20476201176643372,"pose_loss":0.1256120502948761,"stop_loss":0.07824522256851196,"bone_loss":0.009047480300068855,"_timestamp":1.7712109675670521e+09,"_runtime":337.111471908,"_step":2,"_wandb":{"runtime":380}}