{"loss":0.03725086525082588,"pose_loss":0.03711320087313652,"stop_loss":0.37470677495002747,"bone_loss":0.0013766329502686858,"_timestamp":1.7713164945699975e+09,"_runtime":110.040150764,"_step":0,"_wandb":{"runtime":177}}