{"_step":199,"test_pose_loss":0.04031570628285408,"eval_dir_loss":0.09912902116775513,"vel_loss":2.272218942642212,"recon_pose_loss":0.03540698438882828,"_wandb":{"runtime":4515},"recon_dir_loss":0.08990511298179626,"eval_vel_loss":1.990540862083435,"test_dir_loss":0.09918272495269775,"perplexity":234.12611389160156,"test_vel_loss":1.9859517812728882,"test_loss":0.5023680925369263,"eval_loss":0.5081844925880432,"eval_perplexity":214.6472625732422,"vq_loss":0.27390897274017334,"_runtime":4514.476732493,"test_perplexity":197.34365844726562,"eval_pose_loss":0.03726748004555702,"eval_vq_loss":0.27226096391677856,"test_vq_loss":0.2635720670223236,"loss":0.5128320455551147,"_timestamp":1.772459173311157e+09}