{"_wandb":{"runtime":1189},"loss":0.03237226977944374,"pose_loss":0.007113423198461533,"stop_loss":0.02525884471833706,"_timestamp":1.7708717742210276e+09,"_runtime":1189.033729236,"_step":0}