{"_wandb":{"runtime":635},"bone_loss":0.0018621640047058463,"_timestamp":1.7713239258419058e+09,"_runtime":612.030483513,"_step":4,"loss":0.1461724489927292,"pose_loss":0.14598622918128967,"stop_loss":0.18235711753368378}