{"eval_bone_loss":0.027937600389122963,"_timestamp":1.7719398529027474e+09,"bone_loss":0.010049293749034405,"_step":399,"_wandb":{"runtime":13080},"test_loss":0.019948787987232208,"_runtime":13076.967722499,"test_pose_loss":0.01681189052760601,"pose_loss":0.005622694734483957,"eval_pose_loss":0.015131170861423016,"loss":0.00662762438878417,"eval_loss":0.017924930900335312,"test_bone_loss":0.03136896714568138}