{"eval_recon_pose_loss":0.036763593554496765,"recon_dir_loss":0.09422126412391663,"eval_perplexity":116.87586212158203,"_runtime":9317.124598112,"test_perplexity":107.61302185058594,"eval_recon_dir_loss":0.10482026636600494,"test_recon_dir_loss":0.10740123689174652,"loss":0.49484318494796753,"vel_loss":2.3436994552612305,"test_vq_loss":0.24244627356529236,"test_recon_pose_loss":0.0417172946035862,"eval_vq_loss":0.2481471747159958,"test_vel_loss":2.039245367050171,"_timestamp":1.7726923687151852e+09,"_step":199,"_wandb":{"runtime":9317},"eval_loss":0.4915209710597992,"test_loss":0.49352705478668213,"eval_vel_loss":2.0357987880706787,"perplexity":120.1412124633789,"recon_pose_loss":0.034932855516672134,"vq_loss":0.24850408732891083}