{"_step":1,"test_pose_loss":0.3623957633972168,"_wandb":{"runtime":410},"eval_bone_loss":0.4400610327720642,"pose_loss":0.45472776889801025,"eval_loss":0.4094191789627075,"_timestamp":1.7720107519213078e+09,"bone_loss":0.511903703212738,"loss":0.5059181451797485,"eval_pose_loss":0.3654130697250366,"test_bone_loss":0.4785890579223633,"test_loss":0.41025468707084656,"_runtime":344.392876742}