{"loss":0.5324658751487732,"perplexity":147.8679962158203,"test_vq_loss":0.2095317244529724,"eval_vq_loss":0.21848511695861816,"test_loss":0.5255855917930603,"_timestamp":1.7725052829576125e+09,"eval_perplexity":116.8137435913086,"_wandb":{"runtime":549},"eval_dir_loss":0.14969287812709808,"eval_vel_loss":2.1588165760040283,"eval_pose_loss":0.05190045386552811,"vel_loss":2.3919014930725098,"_runtime":530.424330961,"eval_loss":0.5280192494392395,"recon_dir_loss":0.14798253774642944,"test_dir_loss":0.15089015662670135,"_step":10,"test_pose_loss":0.057762742042541504,"test_vel_loss":2.148019313812256,"vq_loss":0.21320460736751556,"recon_pose_loss":0.05168367922306061,"test_perplexity":112.86474609375}