{"eval_vel_loss":1.4586379528045654,"_wandb":{"runtime":301},"vq_loss":0.07773946970701218,"eval_vq_loss":0.07831306755542755,"vel_loss":1.8690334558486938,"test_vel_loss":1.5172033309936523,"_timestamp":1.77245360269869e+09,"_step":13,"eval_dir_loss":0.04894096031785011,"recon_pose_loss":0.03740184009075165,"loss":0.2593480050563812,"test_vq_loss":0.0815812423825264,"eval_perplexity":91.88136291503906,"test_perplexity":88.52865600585938,"eval_loss":0.23764407634735107,"test_loss":0.24856562912464142,"eval_pose_loss":0.0374581478536129,"test_dir_loss":0.04897129908204079,"perplexity":123.1102066040039,"recon_dir_loss":0.05075501278042793,"_runtime":298.512097742,"test_pose_loss":0.04215291142463684}