{"_runtime":25359.668446278,"eval_pose_loss":0.0030884703155606985,"pose_loss":0.0032027813140302896,"test_pose_loss":0.0032950472086668015,"_timestamp":1.772187098050856e+09,"eval_bone_loss":5.028358646086417e-05,"loss":0.0032027813140302896,"eval_loss":0.0030884703155606985,"bone_loss":4.679739868151955e-05,"_step":599,"test_loss":0.0032950472086668015,"test_bone_loss":5.902697012061253e-05,"_wandb":{"runtime":25363}}