{"eval_pose_loss":12.173628807067871,"test_dir_loss":0.9282063245773315,"test_perplexity":8.760873794555664,"test_vel_loss":2.1997737884521484,"eval_perplexity":8.890987396240234,"vel_loss":2.327235698699951,"test_loss":7.530513763427734,"recon_dir_loss":0.035056207329034805,"_runtime":127.556888168,"_timestamp":1.7724498923249707e+09,"_step":4,"_wandb":{"runtime":130},"recon_pose_loss":0.06565824151039124,"loss":0.26988959312438965,"vq_loss":0.0856424868106842,"test_vq_loss":0.39352256059646606,"eval_loss":7.509738445281982,"eval_vel_loss":2.2078089714050293,"perplexity":11.345298767089844,"eval_dir_loss":0.9248884320259094,"eval_vq_loss":0.38764503598213196,"test_pose_loss":12.197592735290527}