{"_runtime":5500.233515312,"recon_pose_loss":0.04250197485089302,"_timestamp":1.7726830277249134e+09,"eval_perplexity":119.79437255859375,"_step":193,"test_loss":0.425199419260025,"test_vel_loss":2.132659912109375,"test_recon_pose_loss":0.05132336914539337,"eval_vel_loss":2.1448211669921875,"_wandb":{"runtime":5505},"test_vq_loss":0.14616334438323975,"loss":0.42076361179351807,"eval_vq_loss":0.14409391582012177,"vel_loss":2.4247028827667236,"eval_loss":0.4135687053203583,"eval_recon_pose_loss":0.04425926133990288,"test_perplexity":113.32701110839844,"vq_loss":0.1452299952507019,"eval_recon_dir_loss":0.11797447502613068,"test_recon_dir_loss":0.1210797056555748,"recon_dir_loss":0.11179651319980621,"perplexity":121.04273986816406}