{"eval_loss":0.9754802584648132,"eval_pose_loss":0.9754802584648132,"loss":1.0159718990325928,"pose_loss":1.0159718990325928,"eval_bone_loss":0.048736803233623505,"_wandb":{"runtime":161},"_runtime":123.961785901,"_step":0,"test_loss":0.9770680665969849,"test_bone_loss":0.05883380025625229,"_timestamp":1.7720931778121789e+09,"test_pose_loss":0.9770680665969849,"bone_loss":0.05872439965605736}