{"test_recon_dir_loss":0.10612120479345322,"_timestamp":1.7727833478124418e+09,"_runtime":5306.685655762,"eval_hand_vq_loss":0.23894347250461578,"eval_recon_pose_loss":0.005242578685283661,"recon_pose_loss":0.006263889372348785,"vq_loss":0.01107108872383833,"test_hand_vq_loss":0.2404024451971054,"hand_vq_loss":0.2359786480665207,"test_extra_vq_loss":0.03191370144486427,"vel_loss":0.010173816233873367,"test_perplexity":33.26472854614258,"test_vq_loss":0.009860752150416374,"eval_perplexity":36.227447509765625,"test_recon_pose_loss":0.005362566094845533,"eval_vq_loss":0.010219079442322254,"eval_recon_extra_loss":0.010748310945928097,"extra_vq_loss":0.03392472118139267,"eval_extra_vq_loss":0.03335592523217201,"test_loss":0.40381166338920593,"eval_loss":0.4012790322303772,"test_recon_extra_loss":0.010151003487408161,"recon_dir_loss":0.09750544279813766,"loss":0.3949176073074341,"_wandb":{"runtime":5307},"eval_recon_dir_loss":0.1027696505188942,"_step":199,"perplexity":36.095157623291016}