{"eval_vq_loss":0.10364632308483124,"eval_loss":0.4198490083217621,"eval_perplexity":23.1551513671875,"_runtime":372.040047771,"test_recon_pose_loss":0.060084447264671326,"test_perplexity":22.67542839050293,"_timestamp":1.7725101078390794e+09,"recon_dir_loss":0.15039677917957306,"test_vel_loss":2.1400227546691895,"vel_loss":2.38685941696167,"_step":14,"loss":0.4251292645931244,"_wandb":{"runtime":384},"eval_recon_dir_loss":0.1537255197763443,"test_vq_loss":0.10099256783723831,"test_recon_dir_loss":0.15265505015850067,"perplexity":21.197616577148438,"test_loss":0.4207332134246826,"eval_recon_pose_loss":0.05486534535884857,"recon_pose_loss":0.054742272943258286,"vq_loss":0.10064725577831268,"eval_vel_loss":2.152236223220825}