{"stop_loss":0.0009624442318454385,"bone_loss":0.0011445559794083238,"_timestamp":1.7712147203821797e+09,"_runtime":1883.299600178,"_step":16,"_wandb":{"runtime":1888},"loss":0.09504576027393341,"pose_loss":0.09396885335445404}