{"_step":1,"pose_loss":0.06598903983831406,"eval_loss":0.03254718333482742,"loss":0.06598903983831406,"_timestamp":1.7721618642381485e+09,"_wandb":{"runtime":171},"test_pose_loss":0.03293054550886154,"_runtime":139.156466516,"test_bone_loss":0.0030472693033516407,"test_loss":0.03293054550886154,"eval_bone_loss":0.0029948384035378695,"bone_loss":0.013605463318526745,"eval_pose_loss":0.03254718333482742}