{"eval_perplexity":105.18551635742188,"recon_dir_loss":0.08793649822473526,"vq_loss":0.1923580765724182,"eval_pose_loss":0.03365402668714523,"eval_loss":0.4721055030822754,"_step":38,"eval_dir_loss":0.09074243903160095,"test_perplexity":93.24729919433594,"vel_loss":3.7115890979766846,"_wandb":{"runtime":914},"_timestamp":1.7724524232778878e+09,"recon_pose_loss":0.03311431407928467,"test_loss":0.47021397948265076,"test_dir_loss":0.08764244616031647,"eval_vel_loss":3.22747540473938,"test_vq_loss":0.1823834627866745,"test_vel_loss":3.25174880027771,"eval_vq_loss":0.18633528053760529,"_runtime":909.191668993,"loss":0.4989883303642273,"perplexity":120.43525695800781,"test_pose_loss":0.03760060667991638}