{"eval_pose_loss":0.03560467064380646,"bone_loss":0.004385033156722784,"_wandb":{"runtime":340},"test_loss":0.034430377185344696,"loss":0.05036696419119835,"eval_bone_loss":0.0009781434200704098,"_runtime":252.025022509,"_step":1,"eval_loss":0.03560467064380646,"_timestamp":1.7720959940604699e+09,"pose_loss":0.05036696419119835,"test_pose_loss":0.034430377185344696,"test_bone_loss":0.0009399151313118637}