{"_timestamp":1.7725294611439052e+09,"eval_loss":0.5252196788787842,"test_perplexity":163.9981231689453,"eval_vel_loss":1.7209264039993286,"perplexity":187.83502197265625,"test_recon_pose_loss":0.03384283557534218,"test_vq_loss":0.343040406703949,"eval_recon_pose_loss":0.030685309320688248,"_wandb":{"runtime":5016},"_runtime":5016.425880457,"vel_loss":2.0184249877929688,"vq_loss":0.360105961561203,"recon_pose_loss":0.030119990929961205,"eval_vq_loss":0.34880441427230835,"test_vel_loss":1.718980312347412,"eval_perplexity":178.85800170898438,"_step":199,"test_loss":0.5242060422897339,"test_recon_dir_loss":0.06137382239103317,"loss":0.5463086366653442,"recon_dir_loss":0.05516142398118973,"eval_recon_dir_loss":0.05968359485268593}