{"bone_loss":0.0001550633314764127,"eval_pose_loss":0.0074407788924872875,"eval_bone_loss":0.00022411224199458957,"_step":17,"test_bone_loss":0.00023733952548354864,"test_loss":0.007249875925481319,"pose_loss":0.006602699402719736,"_timestamp":1.7721617200188587e+09,"_runtime":637.499839716,"_wandb":{"runtime":645},"eval_loss":0.0074407788924872875,"loss":0.006602699402719736,"test_pose_loss":0.007249875925481319}