{"eval_ce_loss":3.861427068710327,"test_loss":3.7213666439056396,"_timestamp":1.7727746037704387e+09,"test_ce_loss":3.7213666439056396,"loss":3.498950242996216,"_wandb":{"runtime":3865},"_step":46,"ce_loss":3.498950242996216,"eval_loss":3.861427068710327,"_runtime":3812.579444204}