{"_wandb":{"runtime":520},"loss":0.08305154740810394,"pose_loss":0.0441560223698616,"stop_loss":0.03869042545557022,"bone_loss":0.0020509595051407814,"_timestamp":1.7709607313588023e+09,"_runtime":434.296894279,"_step":3}