{"stop_loss":0.047169335186481476,"bone_loss":0.006200513336807489,"_timestamp":1.7712121503489926e+09,"_runtime":326.86061764,"_step":2,"loss":0.1693769246339798,"pose_loss":0.12158753722906113,"_wandb":{"runtime":420}}