{"_wandb":{"runtime":1124},"loss":0.06367761641740799,"pose_loss":0.06359626352787018,"stop_loss":0.005192325916141272,"bone_loss":0.0008135243551805615,"_timestamp":1.7712361803284733e+09,"_runtime":978.432241521,"_step":1}