{"loss":0.06636268645524979,"pose_loss":0.029052486643195152,"stop_loss":0.03727013245224953,"bone_loss":0.0004006942908745259,"_timestamp":1.7709630395427957e+09,"_runtime":2172.443139003,"_step":19,"_wandb":{"runtime":2173}}