{"_runtime":3725.267283948,"test_ce_loss":3.411834478378296,"_wandb":{"runtime":3759},"test_loss":3.411834478378296,"eval_loss":3.4565775394439697,"_step":43,"ce_loss":3.072310447692871,"_timestamp":1.772774615534283e+09,"loss":3.072310447692871,"eval_ce_loss":3.4565775394439697}