{"_wandb":{"runtime":788},"test_bone_loss":0.0005213149706833065,"_runtime":733.112656006,"loss":0.04140231013298035,"eval_pose_loss":0.029529206454753876,"bone_loss":0.002975296229124069,"pose_loss":0.04110477864742279,"_timestamp":1.7714041410554378e+09,"eval_loss":0.029585177078843117,"test_loss":0.027730612084269524,"eval_bone_loss":0.0005597107228823006,"test_pose_loss":0.027678480371832848,"_step":10}