{"_runtime":1213.803584761,"_step":10,"loss":0.058239392936229706,"_wandb":{"runtime":1260},"pose_loss":0.05815362185239792,"stop_loss":0.04104306921362877,"bone_loss":0.0008576975669711828,"_timestamp":1.7712341533395827e+09}