{"pose_loss":0.02675405517220497,"stop_loss":0.6931471824645996,"bone_loss":0.0006910910597071052,"_timestamp":1.77138833623539e+09,"_runtime":316.856324828,"_step":2,"loss":0.02682316303253174,"_wandb":{"runtime":333}}