{"eval_pose_loss":0.023136990144848824,"_timestamp":1.7719019777119102e+09,"_runtime":412.966683879,"test_bone_loss":0.0020496558863669634,"test_pose_loss":0.02545168437063694,"eval_loss":0.023325156420469284,"_wandb":{"runtime":467},"pose_loss":0.0230436772108078,"eval_bone_loss":0.0018816615920513868,"test_loss":0.025656649842858315,"_step":2,"loss":0.023334667086601257,"bone_loss":0.002909899689257145}