{"test_loss":0.02561929076910019,"eval_bone_loss":0.0024594583082944155,"eval_pose_loss":0.02502235397696495,"loss":0.025744237005710602,"eval_loss":0.025268301367759705,"_timestamp":1.7714032333503592e+09,"_wandb":{"runtime":380},"pose_loss":0.025344744324684143,"bone_loss":0.003994918894022703,"test_pose_loss":0.0253602322191,"test_bone_loss":0.0025905766524374485,"_step":4,"_runtime":321.110267271}