{"eval_loss":0.036169297993183136,"eval_pose_loss":0.03606920689344406,"_step":3,"pose_loss":0.04455601051449776,"test_pose_loss":0.03449556604027748,"test_bone_loss":0.000949448614846915,"loss":0.04488168656826019,"_timestamp":1.771399346132322e+09,"eval_bone_loss":0.0010009253164753318,"bone_loss":0.003256769385188818,"_runtime":225.908685969,"_wandb":{"runtime":235},"test_loss":0.03459050878882408}