{"_runtime":23.123915967,"vq_loss":0.4378625452518463,"test_loss":13.31066608428955,"eval_vq_loss":0.05701667442917824,"eval_vel_loss":4.3518967628479,"eval_pose_loss":12.230761528015137,"eval_dir_loss":0.8530398011207581,"test_dir_loss":0.8738430142402649,"test_pose_loss":12.151853561401367,"test_vel_loss":4.521319389343262,"vel_loss":4.972067356109619,"recon_dir_loss":0.059194814413785934,"test_perplexity":15.636204719543457,"_step":0,"perplexity":7.81966495513916,"_wandb":{"runtime":26},"test_vq_loss":0.058903131633996964,"loss":0.9460628628730774,"eval_perplexity":15.279296875,"eval_loss":13.358412742614746,"_timestamp":1.772451481852327e+09,"recon_pose_loss":0.20040211081504822}