{"pose_loss":0.047386523336172104,"test_pose_loss":0.037144359201192856,"eval_pose_loss":0.046271368861198425,"bone_loss":0.035612475126981735,"test_loss":0.040610212832689285,"loss":0.05094777047634125,"eval_bone_loss":0.030547356233000755,"_timestamp":1.7720781942773209e+09,"test_bone_loss":0.034658513963222504,"_runtime":158.910397062,"_step":4,"eval_loss":0.049326103180646896,"_wandb":{"runtime":172}}