{"stop_loss":0.001020124414935708,"bone_loss":0.0007289783679880202,"_timestamp":1.7712317303805075e+09,"_wandb":{"runtime":16564},"_runtime":16537.451524409,"_step":149,"loss":0.06591194868087769,"pose_loss":0.06481892615556717}