{"_timestamp":1.7713255467178435e+09,"_runtime":1542.729673222,"_step":11,"_wandb":{"runtime":1620},"loss":0.03108188696205616,"pose_loss":0.03101062774658203,"stop_loss":0.5837101936340332,"bone_loss":0.0007125877309590578}