{"_runtime":3321.173988623,"test_loss":0.5309138894081116,"eval_loss":0.5226695537567139,"eval_recon_dir_loss":0.09596440196037292,"recon_pose_loss":0.03458666428923607,"test_perplexity":160.4862060546875,"loss":0.5238018035888672,"eval_perplexity":176.4523162841797,"_wandb":{"runtime":3329},"_timestamp":1.7725094754928362e+09,"test_vel_loss":1.944413423538208,"test_recon_dir_loss":0.09864582121372223,"eval_recon_pose_loss":0.03683650121092796,"eval_vel_loss":1.9444020986557007,"test_recon_pose_loss":0.0408167764544487,"eval_vq_loss":0.2926485240459442,"perplexity":189.58567810058594,"vq_loss":0.2900838255882263,"test_vq_loss":0.2942306399345398,"vel_loss":2.2377843856811523,"_step":133,"recon_dir_loss":0.08724205940961838}