{"_wandb":{"runtime":161},"pose_loss":0.08452669531106949,"stop_loss":0.04292362928390503,"bone_loss":0.012739602476358414,"_timestamp":1.770964797582918e+09,"_runtime":108.043782366,"_step":0,"loss":0.12872427701950073}