{"_step":2,"loss":0.03749546781182289,"_timestamp":1.771915206745332e+09,"_wandb":{"runtime":524},"test_loss":0.030714955180883408,"test_bone_loss":0.04761485382914543,"pose_loss":0.031604867428541183,"eval_loss":0.02687971480190754,"_runtime":200.619912882,"test_pose_loss":0.025953469797968864,"bone_loss":0.058906007558107376,"eval_pose_loss":0.022789819166064262,"eval_bone_loss":0.040898941457271576}