{"_step":1,"loss":0.13345298171043396,"pose_loss":0.12973278760910034,"stop_loss":0.0027073214296251535,"bone_loss":0.010128607973456383,"_timestamp":1.7712127717383056e+09,"_wandb":{"runtime":268},"_runtime":215.165882975}