{"eval_vel_loss":2.283660888671875,"eval_loss":0.46092554926872253,"recon_pose_loss":0.07153294235467911,"vq_loss":0.03210696950554848,"test_recon_dir_loss":0.25268277525901794,"recon_dir_loss":0.26603227853775024,"test_recon_pose_loss":0.0888001099228859,"_step":5,"test_vq_loss":0.013360774144530296,"test_loss":0.4682632088661194,"eval_vq_loss":0.013529456220567226,"_timestamp":1.77277081762166e+09,"test_perplexity":25.220829010009766,"_wandb":{"runtime":181},"eval_perplexity":26.461593627929688,"perplexity":41.99367141723633,"test_vel_loss":2.2683911323547363,"eval_recon_dir_loss":0.2593552768230438,"loss":0.4974556863307953,"_runtime":162.168811,"eval_recon_pose_loss":0.07385776937007904,"vel_loss":2.5556695461273193}