{"bone_loss":0.00914157647639513,"_timestamp":1.7712150792442784e+09,"_runtime":333.317735882,"_step":2,"_wandb":{"runtime":378},"loss":0.1283193975687027,"pose_loss":0.12631282210350037,"stop_loss":0.0010924183297902346}