{"eval_pose_loss":0.021409450098872185,"pose_loss":0.02335791103541851,"_timestamp":1.7714076542680423e+09,"_wandb":{"runtime":3217},"eval_loss":0.02142927423119545,"eval_bone_loss":0.00019823214097414166,"bone_loss":0.00032317297882400453,"test_loss":0.021497026085853577,"test_pose_loss":0.021479390561580658,"_runtime":3206.365414241,"_step":50,"loss":0.023390227928757668,"test_bone_loss":0.000176355242729187}