{"eval_pose_loss":0.009395855478942394,"eval_bone_loss":0.00031074241269379854,"eval_loss":0.009395855478942394,"test_loss":0.009414776228368282,"test_bone_loss":0.00034771946957334876,"bone_loss":0.0003962516784667969,"loss":0.01055707037448883,"test_pose_loss":0.009414776228368282,"pose_loss":0.01055707037448883,"_wandb":{"runtime":134},"_timestamp":1.7721610438652866e+09,"_runtime":105.343087709,"_step":2}