{"_timestamp":1.770959387569852e+09,"_runtime":2272.706679473,"_step":19,"_wandb":{"runtime":2274},"loss":0.04229848459362984,"pose_loss":0.004843833856284618,"stop_loss":0.037454649806022644}