{"_timestamp":1.771315486437195e+09,"_runtime":2577.33598758,"_step":19,"loss":0.022732676938176155,"_wandb":{"runtime":2579},"pose_loss":0.02271950989961624,"stop_loss":0.3890025317668915,"bone_loss":0.00013165683776605874}