{"stop_loss":0.0089785261079669,"bone_loss":0.00025545217795297503,"_wandb":{"runtime":5671},"_timestamp":1.7709774796155875e+09,"_runtime":5668.99252569,"_step":19,"loss":0.031885500997304916,"pose_loss":0.02288142964243889}