{"_timestamp":1.7724488983377345e+09,"recon_pose_loss":0.05120375007390976,"_runtime":648.701070623,"test_loss":0.9171231985092163,"eval_dir_loss":0.33566156029701233,"_step":25,"test_dir_loss":0.3222847580909729,"vel_loss":1.8883544206619263,"test_vq_loss":0.46672096848487854,"eval_perplexity":3.977524518966675,"test_perplexity":4.253220081329346,"test_vel_loss":1.9139230251312256,"eval_vel_loss":1.908461570739746,"_wandb":{"runtime":661},"perplexity":3.5289671421051025,"loss":0.8338605165481567,"eval_loss":0.8835362792015076,"test_pose_loss":0.06484267860651016,"eval_pose_loss":0.055341340601444244,"vq_loss":0.3746005594730377,"eval_vq_loss":0.4247809648513794,"recon_dir_loss":0.33924034237861633}