{"_runtime":191.224967958,"bone_loss":0.037921465933322906,"eval_loss":0.025472119450569153,"test_loss":0.029277952387928963,"_timestamp":1.7719144034290884e+09,"loss":0.024809835478663445,"_step":2,"pose_loss":0.021017689257860184,"eval_bone_loss":0.03883540630340576,"test_pose_loss":0.02472589537501335,"_wandb":{"runtime":200},"eval_pose_loss":0.021588578820228577,"test_bone_loss":0.045520566403865814}