{"eval_recon_pose_loss":0.03270858898758888,"_runtime":10326.212021725,"eval_recon_dir_loss":0.061893876641988754,"test_recon_pose_loss":0.035009827464818954,"_step":199,"loss":0.4463275969028473,"test_recon_dir_loss":0.06436792761087418,"eval_vq_loss":0.25188279151916504,"recon_dir_loss":0.05834105610847473,"test_vq_loss":0.24721768498420715,"test_loss":0.4379165470600128,"eval_vel_loss":1.81678307056427,"test_perplexity":163.2723388671875,"eval_perplexity":173.8260498046875,"recon_pose_loss":0.03215479850769043,"_timestamp":1.7725445240054235e+09,"vq_loss":0.24885030090808868,"perplexity":198.94891357421875,"_wandb":{"runtime":10326},"eval_loss":0.4373244047164917,"vel_loss":2.1396284103393555,"test_vel_loss":1.826422095298767}