{"eval_loss":0.022859610617160797,"test_pose_loss":0.021446099504828453,"loss":0.023303387686610222,"bone_loss":0.00030388421146199107,"_runtime":2457.011699666,"test_loss":0.021463848650455475,"_timestamp":1.7714018281381185e+09,"_wandb":{"runtime":2463},"pose_loss":0.023273000493645668,"eval_bone_loss":0.00020624259195756167,"_step":43,"eval_pose_loss":0.022838985547423363,"test_bone_loss":0.00017750282131601125}