{"test_vq_loss":21.011327743530273,"eval_dir_loss":0.44417890906333923,"test_loss":21.63509750366211,"eval_vq_loss":18.7069091796875,"eval_perplexity":2.3766796588897705,"eval_loss":19.314163208007812,"loss":16.093223571777344,"vq_loss":15.480813026428223,"vel_loss":1.9535762071609497,"recon_dir_loss":0.4527908265590668,"eval_vel_loss":1.9549497365951538,"eval_pose_loss":0.0653272271156311,"perplexity":2.1478211879730225,"_wandb":{"runtime":151},"test_pose_loss":0.08084359765052795,"recon_pose_loss":0.06194085255265236,"test_dir_loss":0.43922603130340576,"_step":5,"test_vel_loss":2.074016571044922,"_runtime":145.883238135,"test_perplexity":2.528252363204956,"_timestamp":1.772447309773529e+09}