{"test_loss":0.03468027338385582,"_step":0,"bone_loss":0.07238325476646423,"_wandb":{"runtime":191},"_timestamp":1.7719022376318412e+09,"_runtime":106.753666839,"eval_pose_loss":0.03080497309565544,"loss":0.0739758089184761,"eval_bone_loss":0.0035565244033932686,"test_pose_loss":0.034308820962905884,"pose_loss":0.06673748046159744,"eval_loss":0.03116062469780445,"test_bone_loss":0.003714535152539611}