{"_step":2,"loss":0.0954694002866745,"pose_loss":0.05494946241378784,"stop_loss":0.04009314253926277,"_wandb":{"runtime":372},"bone_loss":0.004267971031367779,"_timestamp":1.770964335486592e+09,"_runtime":338.229197825}