{"eval_recon_pose_loss":0.030635764822363853,"test_recon_pose_loss":0.03372175246477127,"recon_pose_loss":0.029965059831738472,"recon_dir_loss":0.055421311408281326,"vel_loss":2.076765775680542,"test_vel_loss":1.7629798650741577,"_step":199,"_wandb":{"runtime":10325},"eval_recon_dir_loss":0.06066138297319412,"vq_loss":0.3617420494556427,"test_recon_dir_loss":0.06224389374256134,"perplexity":190.6327667236328,"_timestamp":1.7725445333018293e+09,"eval_vel_loss":1.7608025074005127,"test_loss":0.5290133953094482,"_runtime":10325.45875339,"eval_perplexity":178.0570526123047,"test_perplexity":165.08963012695312,"eval_loss":0.5279808640480042,"eval_vq_loss":0.34864354133605957,"test_vq_loss":0.3448987305164337,"loss":0.550966739654541}