{"stop_loss":0.04017128795385361,"bone_loss":0.0015734370099380612,"_timestamp":1.7709657731817737e+09,"_wandb":{"runtime":148},"_runtime":134.613179536,"_step":0,"loss":0.08144017308950424,"pose_loss":0.0411115400493145}