{"_runtime":2739.962832136,"test_loss":0.2187662124633789,"pose_loss":0.2088320106267929,"eval_bone_loss":0.3482976257801056,"_timestamp":1.7720002940377758e+09,"eval_loss":0.25233930349349976,"bone_loss":0.31411099433898926,"loss":0.2402431219816208,"_wandb":{"runtime":2839},"eval_pose_loss":0.21750952303409576,"_step":14,"test_bone_loss":0.3021503984928131,"test_pose_loss":0.1885511726140976}