{"_runtime":378.854441081,"_step":5,"test_loss":0.03040410578250885,"pose_loss":0.05279412120580673,"test_bone_loss":0.0007722125737927854,"bone_loss":0.0059963129460811615,"test_pose_loss":0.030326884239912033,"eval_loss":0.03139954432845116,"eval_pose_loss":0.03131875768303871,"_timestamp":1.771403235160762e+09,"loss":0.05339375510811806,"_wandb":{"runtime":434},"eval_bone_loss":0.0008078539976850152}