{"pose_loss":0.01647239923477173,"_runtime":9741.668442411,"_step":99,"test_bone_loss":0.00021442044817376882,"test_pose_loss":0.016179000958800316,"test_loss":0.016179000958800316,"_timestamp":1.7721716465029771e+09,"eval_loss":0.01589115522801876,"loss":0.01647239923477173,"_wandb":{"runtime":9744},"eval_pose_loss":0.01589115522801876,"eval_bone_loss":0.00020591189968399704,"bone_loss":0.00026937489747069776}