{"eval_perplexity":30.176164627075195,"test_pose_loss":12.505449295043945,"vel_loss":3.7458102703094482,"test_loss":7.440143585205078,"_step":5,"vq_loss":0.02871677279472351,"eval_dir_loss":0.8109374642372131,"eval_vel_loss":3.7391152381896973,"recon_pose_loss":0.05154607817530632,"_timestamp":1.772451401241714e+09,"test_dir_loss":0.8450409770011902,"perplexity":37.49372100830078,"eval_vq_loss":0.144405797123909,"test_vq_loss":0.15359613299369812,"eval_loss":7.361108779907227,"test_perplexity":28.70957374572754,"eval_pose_loss":12.437620162963867,"loss":0.26788491010665894,"test_vel_loss":3.77563738822937,"_runtime":138.591976666,"recon_dir_loss":0.02610456943511963,"_wandb":{"runtime":150}}