{"_step":12,"ce_loss":3.824888229370117,"loss":3.824888229370117,"test_loss":4.029699325561523,"_timestamp":1.772767439176581e+09,"_runtime":373.08028306,"test_ce_loss":4.029699325561523,"_wandb":{"runtime":393},"eval_loss":4.095968246459961,"eval_ce_loss":4.095968246459961}