{"_step":1,"test_bone_loss":0.00217505544424057,"bone_loss":0.008469946682453156,"eval_loss":0.1921599805355072,"eval_bone_loss":0.0023451929446309805,"pose_loss":0.3049776256084442,"test_pose_loss":0.18877175450325012,"_wandb":{"runtime":308},"_runtime":251.488453783,"_timestamp":1.772093474045908e+09,"test_loss":0.18898925185203552,"loss":0.3058246076107025,"eval_pose_loss":0.19192546606063843}