{"pose_loss":0.003172291675582528,"_step":599,"test_pose_loss":0.003262965939939022,"eval_pose_loss":0.0029782273340970278,"eval_loss":0.0031050730030983686,"_timestamp":1.7722069738765917e+09,"bone_loss":0.003167204326018691,"loss":0.0034890121314674616,"test_loss":0.003390467958524823,"_runtime":18674.186050938,"_wandb":{"runtime":18679},"test_bone_loss":0.001275019720196724,"eval_bone_loss":0.0012684572720900178}