{"_wandb":{"runtime":112},"_runtime":97.673218218,"eval_bone_loss":0.0001978662476176396,"test_loss":0.007331539411097765,"test_pose_loss":0.007331539411097765,"eval_loss":0.007082670461386442,"loss":0.008597927168011665,"_step":2,"eval_pose_loss":0.007082670461386442,"_timestamp":1.7721596310326953e+09,"pose_loss":0.008597927168011665,"test_bone_loss":0.00022345628531184047,"bone_loss":0.00027904650778509676}