{"_step":99,"_wandb":{"runtime":12440},"loss":0.022241543978452682,"pose_loss":0.02222897857427597,"stop_loss":0.6931471824645996,"bone_loss":0.00012565849465318024,"_timestamp":1.7713381198303363e+09,"_runtime":12438.077778415}