{"_runtime":404.724992146,"_wandb":{"runtime":414},"pose_loss":0.021819422021508217,"eval_pose_loss":0.02209077961742878,"_timestamp":1.7719148419980383e+09,"test_pose_loss":0.025351835414767265,"test_bone_loss":0.046653181314468384,"eval_bone_loss":0.03979579731822014,"loss":0.025736695155501366,"eval_loss":0.026070360094308853,"bone_loss":0.03917272016406059,"_step":5,"test_loss":0.030017154291272163}