{"test_perplexity":238.78598022460938,"vq_loss":0.24333858489990234,"test_recon_pose_loss":0.0433039627969265,"_step":199,"test_vel_loss":1.9338456392288208,"_wandb":{"runtime":5865},"test_vq_loss":0.25432825088500977,"test_loss":0.49084240198135376,"recon_dir_loss":0.07786090672016144,"recon_pose_loss":0.03156247362494469,"eval_vel_loss":1.9239404201507568,"eval_loss":0.4651224613189697,"test_recon_dir_loss":0.09651792049407959,"eval_perplexity":264.5216369628906,"_runtime":5865.028903148,"_timestamp":1.7726833706046119e+09,"eval_vq_loss":0.24833574891090393,"perplexity":298.7099304199219,"loss":0.46531882882118225,"vel_loss":2.2511372566223145,"eval_recon_pose_loss":0.03444065526127815,"eval_recon_dir_loss":0.08614903688430786}