{"eval_bone_loss":0.030033446848392487,"pose_loss":0.016664773225784302,"_step":116,"bone_loss":0.029888341203331947,"loss":0.01965360902249813,"_wandb":{"runtime":3953},"test_bone_loss":0.03514819219708443,"eval_loss":0.01979420892894268,"test_pose_loss":0.018775485455989838,"eval_pose_loss":0.01679086498916149,"_timestamp":1.7719196933321168e+09,"_runtime":3936.766566145,"test_loss":0.02229030430316925}