{"_runtime":18615.168364689,"_step":39,"_wandb":{"runtime":18616},"loss":0.03005794808268547,"pose_loss":0.004121935926377773,"stop_loss":0.025936011224985123,"_timestamp":1.7708943881677768e+09}