{"eval_loss":0.06127594783902168,"test_bone_loss":0.0063176206313073635,"_runtime":458.753427545,"loss":0.11576371639966965,"bone_loss":0.03050369955599308,"eval_pose_loss":0.060674622654914856,"pose_loss":0.11271334439516068,"_timestamp":1.77209295370954e+09,"_wandb":{"runtime":463},"test_loss":0.06333251297473907,"test_pose_loss":0.06270074844360352,"eval_bone_loss":0.006013266276568174,"_step":1}