{"test_vel_loss":1.771681308746338,"eval_vel_loss":1.766183614730835,"_runtime":4723.873825841,"test_recon_pose_loss":0.036272067576646805,"perplexity":254.23785400390625,"test_perplexity":216.83792114257812,"loss":0.6440916061401367,"_step":199,"eval_perplexity":236.50997924804688,"vel_loss":2.098735809326172,"test_vq_loss":0.43459606170654297,"eval_loss":0.6021367311477661,"eval_vq_loss":0.4236372113227844,"eval_recon_dir_loss":0.05946081876754761,"vq_loss":0.45335304737091064,"_wandb":{"runtime":4724},"eval_recon_pose_loss":0.030729562044143677,"_timestamp":1.7727154299575415e+09,"test_recon_dir_loss":0.06300105899572372,"test_loss":0.6224532723426819,"recon_pose_loss":0.029696332290768623,"recon_dir_loss":0.056105419993400574}