{"_wandb":{"runtime":11629},"test_bone_loss":0.0010824198834598064,"eval_bone_loss":0.0010913892183452845,"eval_pose_loss":0.07034270465373993,"test_loss":0.0678095892071724,"pose_loss":0.07450146973133087,"eval_loss":0.07045184075832367,"bone_loss":0.0013229930773377419,"test_pose_loss":0.06770134717226028,"loss":0.07463376969099045,"_step":399,"_timestamp":1.7720903906947773e+09,"_runtime":11626.439896625}