{"eval_perplexity":19.53736114501953,"recon_dir_loss":0.09202602505683899,"eval_vq_loss":0.28458285331726074,"vel_loss":3.673020362854004,"test_pose_loss":0.04056825116276741,"loss":0.5813941955566406,"_wandb":{"runtime":541},"eval_vel_loss":3.236344337463379,"_timestamp":1.7724529667767284e+09,"recon_pose_loss":0.035425178706645966,"test_vq_loss":0.29755526781082153,"vq_loss":0.2702919840812683,"test_loss":0.5947635769844055,"eval_pose_loss":0.036625076085329056,"eval_dir_loss":0.0958249643445015,"test_vel_loss":3.2618908882141113,"test_dir_loss":0.09354553371667862,"eval_loss":0.5788500905036926,"perplexity":18.69734001159668,"_runtime":524.955126026,"_step":22,"test_perplexity":18.504343032836914}