{"pose_loss":0.014232567511498928,"eval_loss":0.02126808650791645,"_step":599,"test_pose_loss":0.022606465965509415,"test_bone_loss":0.002787330886349082,"_timestamp":1.772119831535461e+09,"_wandb":{"runtime":22468},"eval_bone_loss":0.0022563079837709665,"_runtime":22453.919627234,"loss":0.014232567511498928,"bone_loss":0.0008788012783043087,"test_loss":0.022606465965509415,"eval_pose_loss":0.02126808650791645}