{"_runtime":5004.606180024,"eval_recon_pose_loss":0.038394343107938766,"perplexity":215.25253295898438,"eval_vq_loss":0.21551695466041565,"test_vq_loss":0.2090783715248108,"test_vel_loss":1.9935461282730103,"loss":0.46123290061950684,"_timestamp":1.7725153224675732e+09,"test_recon_pose_loss":0.04202903062105179,"eval_recon_dir_loss":0.10133560001850128,"test_recon_dir_loss":0.10244455188512802,"eval_vel_loss":1.995827317237854,"test_perplexity":181.38119506835938,"_step":199,"vq_loss":0.21946555376052856,"recon_pose_loss":0.0361805334687233,"vel_loss":2.2761611938476562,"eval_perplexity":198.16954040527344,"recon_dir_loss":0.09177874028682709,"test_loss":0.45322924852371216,"_wandb":{"runtime":5004},"eval_loss":0.45503827929496765}