{"test_perplexity":15.913028717041016,"eval_perplexity":16.511476516723633,"recon_pose_loss":0.0747188851237297,"vq_loss":0.043554097414016724,"loss":0.5446943640708923,"perplexity":11.630075454711914,"test_loss":0.47794583439826965,"test_recon_dir_loss":0.25893259048461914,"eval_loss":0.4736061990261078,"_runtime":173.347079117,"test_vq_loss":0.02090458758175373,"eval_recon_pose_loss":0.07286766171455383,"test_vel_loss":2.2762978076934814,"_step":2,"_wandb":{"runtime":175},"vel_loss":2.614250421524048,"recon_dir_loss":0.29570886492729187,"test_recon_pose_loss":0.08429376780986786,"_timestamp":1.772683676792271e+09,"eval_recon_dir_loss":0.2652605473995209,"eval_vel_loss":2.2824771404266357,"eval_vq_loss":0.021354151889681816}