{"eval_perplexity":2.043642044067383,"test_dir_loss":0.4689032733440399,"test_pose_loss":0.09628114849328995,"recon_pose_loss":0.07846377789974213,"test_perplexity":2.121795654296875,"_wandb":{"runtime":107},"eval_vel_loss":1.9009554386138916,"test_loss":2.3913960456848145,"_timestamp":1.772446825156707e+09,"eval_vq_loss":1.5532194375991821,"_step":3,"test_vq_loss":1.731235384941101,"_runtime":99.777757923,"eval_pose_loss":0.0785999447107315,"eval_loss":2.200350522994995,"perplexity":1.9085580110549927,"vel_loss":2.178619623184204,"test_vel_loss":1.8995251655578613,"recon_dir_loss":0.4781384766101837,"loss":356.64813232421875,"eval_dir_loss":0.47348344326019287,"vq_loss":355.98260498046875}