{"_wandb":{"runtime":820},"loss":0.12631960213184357,"pose_loss":0.12588375806808472,"stop_loss":0.020030643790960312,"bone_loss":0.004358313046395779,"_timestamp":1.771326525780937e+09,"_runtime":797.644923825,"_step":5}