{"stop_loss":0.0031727589666843414,"bone_loss":0.0007832675473764539,"_timestamp":1.7712368859900527e+09,"_runtime":498.284243222,"_step":1,"loss":0.0667445957660675,"_wandb":{"runtime":525},"pose_loss":0.063493512570858}