{"test_loss":4.097069263458252,"ce_loss":4.231387138366699,"_step":2,"loss":4.231387138366699,"eval_loss":4.168510913848877,"_wandb":{"runtime":131},"_timestamp":1.7727697108904674e+09,"_runtime":128.005303053,"eval_ce_loss":4.168510913848877,"test_ce_loss":4.097069263458252}