{"test_pose_loss":0.006969517096877098,"_wandb":{"runtime":252},"eval_pose_loss":0.006927070673555136,"eval_loss":0.006927070673555136,"_runtime":215.935193172,"_timestamp":1.77215986914068e+09,"_step":5,"pose_loss":0.00721198134124279,"eval_bone_loss":0.00017490173922851682,"test_loss":0.006969517096877098,"test_bone_loss":0.00017692400433588773,"loss":0.00721198134124279,"bone_loss":0.00019342984887771308}