{"loss":0.019361425191164017,"_runtime":3100.263004553,"eval_loss":0.01847541145980358,"_timestamp":1.7714076272901242e+09,"test_loss":0.019764240831136703,"_step":48,"_wandb":{"runtime":3136},"test_pose_loss":0.019641254097223282,"eval_bone_loss":0.0011895553907379508,"eval_pose_loss":0.018356455489993095,"bone_loss":0.001273440313525498,"pose_loss":0.019234081730246544,"test_bone_loss":0.0012298672227188945}