{"eval_ce_loss":4.142148017883301,"_timestamp":1.772768655499461e+09,"_runtime":1180.861308477,"loss":4.148642063140869,"test_loss":4.0728960037231445,"_step":28,"ce_loss":4.148642063140869,"_wandb":{"runtime":1194},"eval_loss":4.142148017883301,"test_ce_loss":4.0728960037231445}