{"perplexity":207.50161743164062,"recon_pose_loss":0.03508307412266731,"vq_loss":0.24630187451839447,"test_vel_loss":2.00811767578125,"eval_vq_loss":0.2442416101694107,"test_perplexity":166.86154174804688,"_wandb":{"runtime":7169},"test_loss":0.49797025322914124,"eval_recon_dir_loss":0.09818180650472641,"_timestamp":1.7726908585779588e+09,"test_recon_dir_loss":0.10398609936237335,"recon_dir_loss":0.08995522558689117,"_step":199,"loss":0.48753806948661804,"_runtime":7169.04628777,"eval_recon_pose_loss":0.037401627749204636,"eval_vel_loss":2.007957696914673,"test_vq_loss":0.24952608346939087,"vel_loss":2.323958158493042,"test_recon_pose_loss":0.044052183628082275,"eval_loss":0.4802229404449463,"eval_perplexity":190.54727172851562}