{"_timestamp":1.7720971315961218e+09,"_wandb":{"runtime":1112},"_runtime":1040.701244195,"bone_loss":0.0009746180148795247,"eval_loss":0.027210138738155365,"test_pose_loss":0.0271128062158823,"_step":7,"loss":0.03164512664079666,"pose_loss":0.03164512664079666,"eval_bone_loss":0.0004670458729378879,"eval_pose_loss":0.027210138738155365,"test_bone_loss":0.0004625415604095906,"test_loss":0.0271128062158823}