{"_timestamp":1.772078746090385e+09,"eval_loss":0.03075050376355648,"test_loss":0.03257758170366287,"_runtime":459.823904382,"test_bone_loss":0.03177986294031143,"loss":0.03323563188314438,"test_pose_loss":0.02939959615468979,"pose_loss":0.030534647405147552,"eval_bone_loss":0.02761729620397091,"_wandb":{"runtime":469},"_step":13,"bone_loss":0.02700982801616192,"eval_pose_loss":0.027988774701952934}