{"_timestamp":1.7712117837822044e+09,"_runtime":435.79076484,"_step":3,"loss":0.15637315809726715,"pose_loss":0.10658878087997437,"_wandb":{"runtime":458},"stop_loss":0.049427419900894165,"bone_loss":0.003569569205865264}