{"test_ce_loss":4.168760776519775,"loss":4.255998611450195,"_step":4,"ce_loss":4.255998611450195,"eval_ce_loss":4.212862014770508,"test_loss":4.168760776519775,"_timestamp":1.772767047635793e+09,"_runtime":130.777969697,"eval_loss":4.212862014770508,"_wandb":{"runtime":142}}