{"test_dir_loss":0.11029279232025146,"eval_vel_loss":3.288102865219116,"test_pose_loss":0.04353063181042671,"vel_loss":3.742281675338745,"eval_loss":0.5078588128089905,"test_vq_loss":0.1884169727563858,"perplexity":114.90547943115234,"eval_vq_loss":0.1930391490459442,"_timestamp":1.7724543246255035e+09,"_wandb":{"runtime":252},"test_vel_loss":3.3405277729034424,"loss":0.5385583639144897,"_step":10,"eval_perplexity":70.01932525634766,"vq_loss":0.20318761467933655,"test_loss":0.5092667937278748,"recon_dir_loss":0.11082914471626282,"test_perplexity":64.9368896484375,"recon_pose_loss":0.03742750361561775,"eval_pose_loss":0.03839975968003273,"_runtime":245.886706892,"eval_dir_loss":0.1120147556066513}