{"perplexity":22.352615356445312,"test_recon_dir_loss":0.17921370267868042,"eval_vel_loss":2.2441232204437256,"recon_pose_loss":0.05085364356637001,"eval_loss":0.38818222284317017,"eval_perplexity":24.335668563842773,"test_perplexity":23.925466537475586,"_runtime":157.293829115,"test_loss":0.39118072390556335,"loss":0.39108678698539734,"_wandb":{"runtime":171},"_timestamp":1.772533862984607e+09,"eval_recon_dir_loss":0.18013694882392883,"recon_dir_loss":0.18369971215724945,"test_recon_pose_loss":0.055354706943035126,"vel_loss":2.510587692260742,"test_vq_loss":0.04467509686946869,"test_vel_loss":2.2387442588806152,"vq_loss":0.031004048883914948,"eval_recon_pose_loss":0.050644490867853165,"eval_vq_loss":0.045194607228040695,"_step":2}