{"_wandb":{"runtime":179},"pose_loss":0.06292480230331421,"stop_loss":0.04145161807537079,"bone_loss":0.007217478938400745,"_timestamp":1.770965052819396e+09,"_runtime":110.726079234,"_step":0,"loss":0.1050981730222702}