{"test_pose_loss":0.031911302357912064,"_runtime":168.096122278,"eval_loss":0.03348049148917198,"eval_bone_loss":0.001082235132344067,"test_bone_loss":0.0010473944712430239,"eval_pose_loss":0.033372268080711365,"loss":0.052109405398368835,"_wandb":{"runtime":189},"test_loss":0.03201603889465332,"_timestamp":1.7713939168915596e+09,"_step":2,"bone_loss":0.005163886584341526,"pose_loss":0.05159301310777664}