{"_wandb":{"runtime":506},"ce_loss":3.4238393306732178,"eval_ce_loss":4.311305046081543,"test_ce_loss":4.25029182434082,"_runtime":496.999098126,"test_loss":4.25029182434082,"_step":14,"loss":3.4238393306732178,"eval_loss":4.311305046081543,"_timestamp":1.7727695481959054e+09}