{"_step":0,"loss":0.02993178740143776,"_wandb":{"runtime":577},"pose_loss":0.00614512013271451,"stop_loss":0.023786667734384537,"_timestamp":1.770872969779833e+09,"_runtime":576.198475765}