{"eval_bone_loss":0.022649191319942474,"pose_loss":0.007312854751944542,"bone_loss":0.013160152360796928,"test_bone_loss":0.023599958047270775,"test_pose_loss":0.012757544405758381,"_wandb":{"runtime":6656},"test_loss":0.015117540024220943,"_runtime":6640.246783931,"_timestamp":1.7719266847860477e+09,"_step":190,"eval_pose_loss":0.01231080200523138,"eval_loss":0.014575720764696598,"loss":0.00862886942923069}