{"_wandb":{"runtime":443},"eval_pose_loss":0.022790921851992607,"_runtime":426.927287683,"loss":0.022288082167506218,"test_pose_loss":0.02449013851583004,"test_loss":0.02466968074440956,"test_bone_loss":0.0017954190261662006,"_step":3,"eval_loss":0.02296082116663456,"eval_bone_loss":0.0016989940777420998,"_timestamp":1.7719027728243499e+09,"bone_loss":0.0023701447062194347,"pose_loss":0.022051068022847176}