{"test_perplexity":173.91452026367188,"_timestamp":1.7726978313458478e+09,"vel_loss":1.980929970741272,"_wandb":{"runtime":4468},"loss":0.7564940452575684,"eval_vq_loss":0.5677044987678528,"perplexity":201.5050811767578,"recon_pose_loss":0.02535664103925228,"eval_recon_dir_loss":0.04456890746951103,"test_vel_loss":1.6546928882598877,"vq_loss":0.5900955200195312,"test_vq_loss":0.5695566534996033,"_step":199,"eval_perplexity":191.00631713867188,"eval_recon_pose_loss":0.02596653811633587,"recon_dir_loss":0.041995372623205185,"eval_loss":0.7202962040901184,"eval_vel_loss":1.6411255598068237,"test_loss":0.7347277402877808,"test_recon_pose_loss":0.0334913544356823,"_runtime":4468.182486818,"test_recon_dir_loss":0.04894512891769409}