{"vq_loss":0.2200998067855835,"test_vq_loss":0.21173834800720215,"recon_pose_loss":0.03637448698282242,"test_perplexity":186.2023468017578,"test_recon_dir_loss":0.10266821086406708,"_wandb":{"runtime":5094},"_runtime":5094.385606452,"_step":199,"loss":0.4618387520313263,"eval_vel_loss":2.0007543563842773,"recon_dir_loss":0.09135240316390991,"eval_recon_pose_loss":0.03822102025151253,"perplexity":225.16726684570312,"eval_perplexity":206.28012084960938,"test_recon_pose_loss":0.0417521707713604,"eval_loss":0.45911404490470886,"eval_vq_loss":0.2189996987581253,"vel_loss":2.2802412509918213,"_timestamp":1.7725208887658381e+09,"test_loss":0.45601212978363037,"test_vel_loss":1.9970678091049194,"eval_recon_dir_loss":0.10185561329126358}