{"_step":13,"vel_loss":0.017494458705186844,"test_recon_dir_loss":0.1604820340871811,"eval_perplexity":37.482215881347656,"eval_hand_vq_loss":0.26245808601379395,"_runtime":361.181726353,"_timestamp":1.7727780182223709e+09,"extra_vq_loss":0.03864950314164162,"test_vq_loss":0.019374819472432137,"test_extra_vq_loss":0.036680400371551514,"recon_dir_loss":0.16613945364952087,"test_hand_vq_loss":0.25568488240242004,"test_perplexity":35.907405853271484,"_wandb":{"runtime":376},"hand_vq_loss":0.26588618755340576,"eval_vq_loss":0.019650230184197426,"test_recon_extra_loss":0.014826223254203796,"recon_pose_loss":0.009283729828894138,"loss":0.5169137120246887,"eval_recon_dir_loss":0.1599845290184021,"eval_recon_pose_loss":0.008246798068284988,"test_recon_pose_loss":0.008447174914181232,"eval_loss":0.5036157965660095,"perplexity":39.94673156738281,"eval_extra_vq_loss":0.037724368274211884,"eval_recon_extra_loss":0.015551776625216007,"vq_loss":0.019460391253232956,"test_loss":0.4954955279827118}