{"_timestamp":1.771212480118476e+09,"_runtime":215.373648278,"_step":1,"_wandb":{"runtime":280},"loss":0.1333014965057373,"pose_loss":0.12936817109584808,"stop_loss":0.0029277680441737175,"bone_loss":0.010055544786155224}