{"pose_loss":0.06562111526727676,"stop_loss":0.039900682866573334,"bone_loss":0.007224499713629484,"_timestamp":1.7709602612066584e+09,"_wandb":{"runtime":244},"_runtime":216.149651638,"_step":1,"loss":0.10624424368143082}