{"pose_loss":0.03077581524848938,"stop_loss":0.05990324541926384,"bone_loss":0.0004727038904093206,"_timestamp":1.7709686834138074e+09,"_runtime":2204.897568413,"_wandb":{"runtime":2207},"_step":19,"loss":0.0907263308763504}