{"pose_loss":0.0712629035115242,"stop_loss":0.014987298287451267,"bone_loss":0.0014047113945707679,"_timestamp":1.7712347680965116e+09,"_runtime":215.308589775,"_step":1,"loss":0.071403369307518,"_wandb":{"runtime":291}}