{"perplexity":3.333195686340332,"test_loss":1.356846570968628,"test_vq_loss":0.8276419639587402,"eval_loss":1.2667104005813599,"recon_pose_loss":0.046931192278862,"recon_dir_loss":0.39513179659843445,"eval_pose_loss":0.04888516291975975,"loss":1.241998553276062,"_step":5,"eval_vq_loss":0.7344505190849304,"test_perplexity":4.0196099281311035,"_runtime":150.07620632,"test_vel_loss":1.9277052879333496,"test_pose_loss":0.05645064264535904,"vq_loss":0.704771101474762,"_timestamp":1.772448077967532e+09,"vel_loss":1.9032875299453735,"eval_dir_loss":0.3872293531894684,"_wandb":{"runtime":169},"test_dir_loss":0.3763686716556549,"eval_vel_loss":1.9229084253311157,"eval_perplexity":3.818887710571289}