{"_wandb":{"runtime":395},"bone_loss":0.00043923818157054484,"_timestamp":1.7713227387295482e+09,"_runtime":352.58785516,"_step":2,"loss":0.02856527268886566,"pose_loss":0.028521347790956497,"stop_loss":0.46504512429237366}