{"bone_loss":0.024718252941966057,"test_bone_loss":0.028380468487739563,"eval_bone_loss":0.025731468573212624,"pose_loss":0.01364670880138874,"eval_pose_loss":0.014269660227000713,"_step":40,"loss":0.01611853390932083,"eval_loss":0.016842806711792946,"_timestamp":1.7719135202866638e+09,"_wandb":{"runtime":2718},"test_loss":0.017936311662197113,"_runtime":2684.25639036,"test_pose_loss":0.015098264440894127}