{"loss":0.03751041367650032,"pose_loss":0.03747325390577316,"_wandb":{"runtime":74296},"stop_loss":0.03890043869614601,"bone_loss":0.0003715784114319831,"_timestamp":1.771311799956335e+09,"_runtime":74133.770821764,"_step":292}