{"_step":10,"test_dir_loss":0.1055799350142479,"eval_perplexity":85.71697235107422,"vq_loss":0.21169285476207733,"eval_vq_loss":0.21688084304332733,"recon_dir_loss":0.10845369100570679,"test_perplexity":80.16673278808594,"eval_dir_loss":0.11027704924345016,"_timestamp":1.7724546375766492e+09,"recon_pose_loss":0.03688053414225578,"test_pose_loss":0.042060188949108124,"loss":0.555069625377655,"eval_pose_loss":0.037529513239860535,"_wandb":{"runtime":251},"eval_vel_loss":3.465034246444702,"test_loss":0.5350463390350342,"test_vel_loss":3.499166965484619,"_runtime":248.423159003,"vel_loss":3.9608514308929443,"eval_loss":0.5379391312599182,"test_vq_loss":0.21244783699512482,"perplexity":103.99604034423828}