{"_timestamp":1.772768975570773e+09,"eval_loss":4.1897759437561035,"_runtime":291.245506346,"_step":6,"_wandb":{"runtime":305},"loss":3.935497522354126,"eval_ce_loss":4.1897759437561035,"ce_loss":3.935497522354126,"test_loss":4.131401538848877,"test_ce_loss":4.131401538848877}