{"pose_loss":0.02258480153977871,"stop_loss":0.5699936747550964,"_wandb":{"runtime":2275},"bone_loss":0.00015361179248429835,"_timestamp":1.7713255456943774e+09,"_runtime":2195.532876175,"_step":14,"loss":0.022600162774324417}