{"vel_loss":2.5225961208343506,"_runtime":207.290174417,"loss":0.43378594517707825,"test_perplexity":24.151119232177734,"recon_dir_loss":0.2279675453901291,"_wandb":{"runtime":235},"test_vq_loss":0.015421533025801182,"test_recon_dir_loss":0.22828292846679688,"eval_recon_dir_loss":0.23118580877780914,"vq_loss":0.011915802024304867,"_timestamp":1.772683651540454e+09,"perplexity":29.271595001220703,"eval_loss":0.42789825797080994,"eval_vel_loss":2.242417335510254,"recon_pose_loss":0.06777278333902359,"test_loss":0.43437376618385315,"eval_recon_pose_loss":0.06923157721757889,"test_vel_loss":2.236215591430664,"eval_vq_loss":0.01536001730710268,"eval_perplexity":24.928852081298828,"_step":3,"test_recon_pose_loss":0.07885853201150894}