{"_timestamp":1.7713801428778713e+09,"_runtime":109.091624251,"_step":0,"loss":0.040783949196338654,"pose_loss":0.04062633961439133,"stop_loss":0.6923930048942566,"_wandb":{"runtime":123},"bone_loss":0.0015760980313643813}