{"_timestamp":1.7709653010429838e+09,"_runtime":111.572418863,"_step":0,"_wandb":{"runtime":131},"loss":0.09399349987506866,"pose_loss":0.05202702060341835,"stop_loss":0.04161008074879646,"bone_loss":0.003564015729352832}