{"eval_loss":0.5009171962738037,"eval_perplexity":184.13986206054688,"recon_pose_loss":0.04196087643504143,"_timestamp":1.7725061266644459e+09,"_runtime":814.480710013,"test_perplexity":173.37765502929688,"test_vel_loss":2.1010076999664307,"test_recon_dir_loss":0.12250091135501862,"test_vq_loss":0.2300061285495758,"eval_vel_loss":2.1101553440093994,"test_recon_pose_loss":0.046737395226955414,"_step":32,"eval_recon_pose_loss":0.042519424110651016,"vq_loss":0.22035600244998932,"recon_dir_loss":0.11787630617618561,"loss":0.49859580397605896,"eval_vq_loss":0.2317337542772293,"test_loss":0.5042948126792908,"perplexity":202.04183959960938,"eval_recon_dir_loss":0.1211562305688858,"_wandb":{"runtime":824},"vel_loss":2.3680524826049805}