{"eval_bone_loss":0.001082235132344067,"test_pose_loss":0.031911302357912064,"test_bone_loss":0.0010473944712430239,"_timestamp":1.771394130248987e+09,"pose_loss":0.05159301310777664,"_step":2,"eval_pose_loss":0.033372268080711365,"loss":0.052109405398368835,"test_loss":0.03201603889465332,"bone_loss":0.005163886584341526,"_wandb":{"runtime":187},"_runtime":166.079717849,"eval_loss":0.03348049148917198}