{"eval_loss":0.02389155887067318,"eval_pose_loss":0.023673739284276962,"test_loss":0.02415137179195881,"test_bone_loss":0.0022170988377183676,"pose_loss":0.02234884537756443,"_wandb":{"runtime":656},"eval_bone_loss":0.0021781863179057837,"_runtime":634.213769351,"bone_loss":0.0023688464425504208,"_timestamp":1.7714040392887075e+09,"test_pose_loss":0.023929663002490997,"loss":0.022585730999708176,"_step":9}