{"_wandb":{"runtime":623},"loss":0.006693446077406406,"test_bone_loss":0.0002473513886798173,"test_pose_loss":0.0076041026040911674,"eval_pose_loss":0.007226509042084217,"_runtime":595.773968967,"eval_bone_loss":0.0001954873005161062,"bone_loss":0.00016182562103495002,"test_loss":0.0076041026040911674,"_timestamp":1.7721609023522325e+09,"_step":15,"pose_loss":0.006693446077406406,"eval_loss":0.007226509042084217}