{"_step":469,"loss":0.09383475035429001,"_wandb":{"runtime":53066},"pose_loss":0.0937473252415657,"stop_loss":0.023592833429574966,"bone_loss":0.000874216842930764,"_timestamp":1.7713795885351925e+09,"_runtime":53023.742684871}