{"_wandb":{"runtime":797},"loss":0.02993178740143776,"pose_loss":0.00614512013271451,"stop_loss":0.023786667734384537,"_timestamp":1.7708739727233593e+09,"_runtime":795.395194398,"_step":0}