{"_step":5,"loss":0.009292947128415108,"eval_pose_loss":0.008504855446517467,"test_bone_loss":0.00032532765180803835,"_runtime":215.416759642,"pose_loss":0.009292947128415108,"test_pose_loss":0.009294564835727215,"test_loss":0.009294564835727215,"bone_loss":0.00030841739499010146,"eval_bone_loss":0.00024694035528227687,"_timestamp":1.7721602686843183e+09,"_wandb":{"runtime":245},"eval_loss":0.008504855446517467}