{"stop_loss":0.0861729308962822,"bone_loss":0.001361951930448413,"_wandb":{"runtime":257},"_timestamp":1.7712350778260188e+09,"_runtime":221.684246675,"_step":1,"loss":0.07307077944278717,"pose_loss":0.0729345828294754}