{"test_pose_loss":0.020489569753408432,"_step":99,"pose_loss":0.020381810143589973,"test_loss":0.02049948461353779,"_wandb":{"runtime":10613},"eval_bone_loss":0.00010666956950444728,"test_bone_loss":9.915118425851688e-05,"_runtime":10612.649481433,"eval_pose_loss":0.020423779264092445,"bone_loss":0.00011226700007682666,"eval_loss":0.02043444663286209,"_timestamp":1.7714228912234397e+09,"loss":0.020393038168549538}