{"_timestamp":1.7727707719528804e+09,"loss":4.044254779815674,"eval_loss":3.969334125518799,"_wandb":{"runtime":432},"test_ce_loss":3.8258469104766846,"test_loss":3.8258469104766846,"_step":11,"eval_ce_loss":3.969334125518799,"ce_loss":4.044254779815674,"_runtime":422.072507899}