{"eval_bone_loss":0.31255045533180237,"test_loss":0.22583967447280884,"_step":334,"_timestamp":1.7720696259285848e+09,"test_pose_loss":0.19002020359039307,"_runtime":58793.136504065,"pose_loss":0.1206984594464302,"eval_loss":0.20515021681785583,"test_bone_loss":0.3581947684288025,"eval_pose_loss":0.17389516532421112,"_wandb":{"runtime":58947},"bone_loss":0.17976485192775726,"loss":0.13867494463920593}