{"bone_loss":0.10828757286071777,"eval_loss":0.026107976213097572,"eval_pose_loss":0.02213977836072445,"test_bone_loss":0.045703016221523285,"_wandb":{"runtime":91},"pose_loss":0.05581359937787056,"test_pose_loss":0.025066716596484184,"_timestamp":1.771915731628926e+09,"eval_bone_loss":0.03968198224902153,"loss":0.06664235889911652,"_runtime":77.595890236,"_step":0,"test_loss":0.029637018218636513}