{"test_perplexity":9.40784740447998,"eval_loss":7.409546375274658,"test_vq_loss":0.3659707307815552,"eval_pose_loss":12.056981086730957,"test_loss":7.427316665649414,"test_pose_loss":12.073986053466797,"recon_pose_loss":0.055326636880636215,"perplexity":22.524547576904297,"vq_loss":0.08929936587810516,"test_vel_loss":2.195988178253174,"recon_dir_loss":0.027009611949324608,"test_dir_loss":0.9145531058311462,"eval_vel_loss":2.206251382827759,"_timestamp":1.7724503338703895e+09,"loss":0.25744521617889404,"vel_loss":2.269458532333374,"_step":16,"eval_vq_loss":0.357290655374527,"eval_perplexity":9.486560821533203,"eval_dir_loss":0.9134522676467896,"_runtime":432.25763297,"_wandb":{"runtime":443}}