{"test_perplexity":1.881667137145996,"loss":3541.91357421875,"eval_perplexity":1.831968903541565,"vq_loss":3540.74365234375,"test_pose_loss":0.1092173382639885,"test_vq_loss":1110.289306640625,"eval_vq_loss":968.9964599609375,"test_vel_loss":2.2307441234588623,"_wandb":{"runtime":33},"eval_dir_loss":0.5508224368095398,"test_dir_loss":0.5493036508560181,"eval_pose_loss":0.09000209718942642,"vel_loss":5.541476726531982,"recon_pose_loss":0.3217507600784302,"eval_vel_loss":2.2371225357055664,"_runtime":24.201846446,"perplexity":1.7276830673217773,"_step":0,"recon_dir_loss":0.5712037682533264,"_timestamp":1.7724466707136984e+09,"eval_loss":969.7491455078125,"test_loss":1111.059326171875}