{"_step":12,"test_vel_loss":1.629334568977356,"test_pose_loss":0.04091236740350723,"eval_vel_loss":1.577606439590454,"eval_perplexity":64.35324096679688,"eval_pose_loss":0.03660151734948158,"_wandb":{"runtime":288},"recon_pose_loss":0.03574483096599579,"vel_loss":2.01464581489563,"_timestamp":1.7724540370598538e+09,"loss":0.31837430596351624,"eval_dir_loss":0.04928015172481537,"test_loss":0.3034040927886963,"_runtime":275.511163958,"eval_vq_loss":0.12574948370456696,"test_dir_loss":0.04861277714371681,"eval_loss":0.29051145911216736,"vq_loss":0.12952235341072083,"test_vq_loss":0.13241221010684967,"recon_dir_loss":0.052374813705682755,"perplexity":76.88819885253906,"test_perplexity":60.93294906616211}