{"pose_loss":0.012243873439729214,"test_pose_loss":0.009516648016870022,"eval_loss":0.009963007643818855,"_timestamp":1.7721882753714204e+09,"_runtime":698.844402374,"eval_pose_loss":0.009611718356609344,"_step":22,"loss":0.013294157572090626,"bone_loss":0.010502837598323822,"_wandb":{"runtime":715},"test_loss":0.00986439362168312,"test_bone_loss":0.0034774509258568287,"eval_bone_loss":0.0035128938034176826}