{"_wandb":{"runtime":52900},"loss":0.018082696944475174,"eval_bone_loss":0.0012278538197278976,"test_bone_loss":0.0012842848664149642,"_timestamp":1.7714758123935742e+09,"_step":499,"eval_loss":0.021034223958849907,"eval_pose_loss":0.020911438390612602,"test_pose_loss":0.021620243787765503,"_runtime":52899.518236324,"pose_loss":0.017967402935028076,"test_loss":0.021748673170804977,"bone_loss":0.0011529292678460479}