{"bone_loss":0.0002490972983650863,"pose_loss":0.022379975765943527,"_step":70,"_runtime":3950.075297641,"_wandb":{"runtime":4006},"test_pose_loss":0.020361553877592087,"_timestamp":1.7714116376832085e+09,"eval_loss":0.020820938050746918,"eval_bone_loss":0.00016653591592330486,"test_loss":0.020376894623041153,"loss":0.022404886782169342,"eval_pose_loss":0.020804284140467644,"test_bone_loss":0.00015339406672865152}