{"ce_loss":4.305537700653076,"test_loss":4.147216796875,"_wandb":{"runtime":416},"eval_ce_loss":4.213294506072998,"test_ce_loss":4.147216796875,"_timestamp":1.7727701068631554e+09,"eval_loss":4.213294506072998,"_runtime":382.145407374,"_step":8,"loss":4.305537700653076}