{"eval_pose_loss":0.05570034682750702,"_runtime":42.714430271,"eval_perplexity":23.57328987121582,"test_dir_loss":0.10640057176351547,"test_perplexity":24.845674514770508,"eval_vq_loss":0.26469236612319946,"test_pose_loss":0.06111316382884979,"recon_dir_loss":0.1321527361869812,"eval_dir_loss":0.10610630363225937,"vel_loss":2.195094347000122,"test_loss":0.5519090294837952,"_timestamp":1.7724532878071742e+09,"loss":1.0396292209625244,"_step":1,"eval_vel_loss":1.681626319885254,"eval_loss":0.5105803608894348,"test_vel_loss":1.7566640377044678,"perplexity":19.491884231567383,"vq_loss":0.7325046062469482,"recon_pose_loss":0.06521710753440857,"test_vq_loss":0.2965620756149292,"_wandb":{"runtime":50}}