{"_step":10,"_timestamp":1.7720955029590366e+09,"loss":0.0018712225137278438,"test_loss":0.0016281898133456707,"_wandb":{"runtime":1517},"_runtime":1453.549887941,"pose_loss":0.0017838451312854886,"eval_pose_loss":0.0016810952220112085,"bone_loss":0.0008737733587622643,"test_pose_loss":0.0015840369742363691,"eval_loss":0.0017261758912354708,"eval_bone_loss":0.0004508055280894041,"test_bone_loss":0.0004415278963278979}