{"eval_vel_loss":2.1194944381713867,"_wandb":{"runtime":2693},"test_recon_pose_loss":0.049897558987140656,"recon_pose_loss":0.0397404283285141,"vq_loss":0.2568700611591339,"eval_loss":0.5177223086357117,"test_vq_loss":0.24752205610275269,"_step":93,"test_recon_dir_loss":0.12410231679677963,"test_loss":0.5268713235855103,"eval_vq_loss":0.2519654333591461,"test_vel_loss":2.106987953186035,"vel_loss":2.4080026149749756,"recon_dir_loss":0.11046865582466125,"test_perplexity":59.59654998779297,"eval_recon_dir_loss":0.11765818297863007,"_runtime":2688.729840309,"loss":0.5274792909622192,"eval_recon_pose_loss":0.042123936116695404,"perplexity":65.86553955078125,"eval_perplexity":65.41503143310547,"_timestamp":1.7727737133971145e+09}