{"eval_recon_pose_loss":0.02401963248848915,"recon_dir_loss":0.05488317459821701,"_timestamp":1.7725338493884113e+09,"perplexity":182.29873657226562,"_step":151,"test_loss":0.4465194344520569,"vel_loss":2.170680284500122,"test_vel_loss":1.8814245462417603,"loss":0.46352991461753845,"test_perplexity":146.73101806640625,"_runtime":3887.174595807,"eval_vq_loss":0.2676135003566742,"vq_loss":0.2763271927833557,"eval_vel_loss":1.8702231645584106,"eval_perplexity":158.32077026367188,"recon_pose_loss":0.023785552009940147,"test_recon_dir_loss":0.0606226846575737,"eval_loss":0.4441748559474945,"test_recon_pose_loss":0.025707388296723366,"_wandb":{"runtime":3912},"eval_recon_dir_loss":0.05903057008981705,"test_vq_loss":0.2661181390285492}