{"eval_perplexity":4.0274248123168945,"test_dir_loss":0.327541321516037,"test_vel_loss":1.9090825319290161,"eval_dir_loss":0.33862894773483276,"recon_pose_loss":0.043241389095783234,"eval_loss":1.1559784412384033,"test_perplexity":4.325192928314209,"vel_loss":1.8792810440063477,"eval_vel_loss":1.9080290794372559,"_runtime":562.930461665,"test_loss":1.3175039291381836,"_step":22,"test_pose_loss":0.05892549455165863,"_timestamp":1.7724478852550914e+09,"eval_vq_loss":0.6731182336807251,"eval_pose_loss":0.04882979393005371,"vq_loss":0.5454224944114685,"loss":1.0279617309570312,"perplexity":3.4769976139068604,"test_vq_loss":0.8355830311775208,"_wandb":{"runtime":585},"recon_dir_loss":0.3453338146209717}