{"eval_loss":0.5589783191680908,"_wandb":{"runtime":6086},"_step":199,"test_vel_loss":1.7590464353561401,"eval_perplexity":239.1151580810547,"vel_loss":2.0903964042663574,"_runtime":6086.392925184,"test_perplexity":220.49742126464844,"test_recon_pose_loss":0.037404220551252365,"loss":0.5866668820381165,"test_loss":0.5744701623916626,"recon_pose_loss":0.029386093840003014,"eval_vel_loss":1.755294680595398,"eval_recon_pose_loss":0.030559541657567024,"eval_vq_loss":0.38201025128364563,"_timestamp":1.7726833858690586e+09,"test_vq_loss":0.38676339387893677,"recon_dir_loss":0.05458557978272438,"vq_loss":0.3981753885746002,"perplexity":256.22808837890625,"test_recon_dir_loss":0.06235019490122795,"eval_recon_dir_loss":0.05864375829696655}